{
  "TEST_BALANCED": {
    "BEFORE_HEALTH": 40,
    "AFTER_HEALTH": 70,
    "BEFORE": {
      "temp": 36.59257614285747,
      "flood": 0.9115312499999996,
      "energy": 1914.2997800698497,
      "bio": 0.5
    },
    "AFTER": {
      "temp": 36.59257614285747,
      "flood": 0.9059062499999997,
      "energy": 1914.2997800698497,
      "bio": 0.5
    },
    "BUDGET_USED": 13.8,
    "POLICY": "balanced"
  },
  "TEST_DET_2": {
    "BEFORE_HEALTH": 40,
    "AFTER_HEALTH": 70,
    "BEFORE": {
      "temp": 36.59257614285747,
      "flood": 0.9115312499999996,
      "energy": 1914.2997800698497,
      "bio": 0.5
    },
    "AFTER": {
      "temp": 36.59257614285747,
      "flood": 0.9059062499999997,
      "energy": 1914.2997800698497,
      "bio": 0.5
    },
    "BUDGET_USED": 13.8,
    "POLICY": "balanced"
  },
  "TEST_DET_3": {
    "BEFORE_HEALTH": 40,
    "AFTER_HEALTH": 70,
    "BEFORE": {
      "temp": 36.59257614285747,
      "flood": 0.9115312499999996,
      "energy": 1914.2997800698497,
      "bio": 0.5
    },
    "AFTER": {
      "temp": 36.59257614285747,
      "flood": 0.9059062499999997,
      "energy": 1914.2997800698497,
      "bio": 0.5
    },
    "BUDGET_USED": 13.8,
    "POLICY": "balanced"
  },
  "TEST_FLOOD": {
    "BEFORE_HEALTH": 40,
    "AFTER_HEALTH": 70,
    "BEFORE": {
      "temp": 36.59257614285747,
      "flood": 0.9115312499999996,
      "energy": 1914.2997800698497,
      "bio": 0.5
    },
    "AFTER": {
      "temp": 36.59257614285747,
      "flood": 0.9059062499999997,
      "energy": 1914.2997800698497,
      "bio": 0.5
    },
    "BUDGET_USED": 13.8,
    "POLICY": "flood"
  },
  "TEST_HEAT": {
    "BEFORE_HEALTH": 10,
    "AFTER_HEALTH": 90,
    "BEFORE": {
      "temp": 36.59257614285747,
      "flood": 0.9115312499999996,
      "energy": 1914.2997800698497,
      "bio": 0.5
    },
    "AFTER": {
      "temp": 36.53449801785747,
      "flood": 0.9014062499999994,
      "energy": 1898.80119983917,
      "bio": 0.5
    },
    "BUDGET_USED": 24,
    "POLICY": "heat"
  },
  "TEST_ECO": {
    "BEFORE_HEALTH": 17,
    "AFTER_HEALTH": 12,
    "BEFORE": {
      "temp": 36.59257614285747,
      "flood": 0.9115312499999996,
      "energy": 1914.2997800698497,
      "bio": 0.5
    },
    "AFTER": {
      "temp": 36.60870114285747,
      "flood": 0.9115312499999996,
      "energy": 1910.6742823291129,
      "bio": 0.5
    },
    "BUDGET_USED": 8,
    "POLICY": "eco"
  }
}